{"cameraMode":{"drawMode":0,"name":"Shaded","section":"Shading Mode"},"sceneLighting":true,"audioPlay":false,"sceneViewState":{"m_AlwaysRefresh":false,"showFog":true,"showSkybox":true,"showFlares":true,"showImageEffects":true,"showParticleSystems":true,"showVisualEffectGraphs":true,"m_FxEnabled":true},"in2DMode":false,"pivot":{"x":0.2987552285194397,"y":2.5878701210021974,"z":-0.2965174615383148},"rotation":{"x":0.06201038882136345,"y":-0.7335084080696106,"z":0.06753408163785935,"w":0.6735242009162903},"size":0.8660253882408142,"orthographic":false}