{"cameraMode":{"drawMode":0,"name":"Shaded","section":"Shading Mode"},"sceneLighting":true,"audioPlay":false,"sceneViewState":{"m_AlwaysRefresh":false,"showFog":true,"showSkybox":true,"showFlares":true,"showImageEffects":true,"showParticleSystems":true,"showVisualEffectGraphs":true,"m_FxEnabled":true},"in2DMode":false,"pivot":{"x":-0.08879826962947846,"y":-0.02719935029745102,"z":-0.17174750566482545},"rotation":{"x":0.004672016017138958,"y":-0.9965817332267761,"z":0.0507463775575161,"w":0.0671706348657608},"size":0.2795068323612213,"orthographic":false}