{"cameraMode":{"drawMode":0,"name":"Shaded","section":"Shading Mode"},"sceneLighting":true,"audioPlay":false,"sceneViewState":{"m_AlwaysRefresh":false,"showFog":true,"showSkybox":true,"showFlares":true,"showImageEffects":true,"showParticleSystems":true,"showVisualEffectGraphs":true,"m_FxEnabled":true},"in2DMode":false,"pivot":{"x":0.2860884666442871,"y":2.6318883895874025,"z":-0.2090865671634674},"rotation":{"x":0.054449569433927539,"y":-0.7158817648887634,"z":0.056175682693719867,"w":0.6938791275024414},"size":0.8270542621612549,"orthographic":false}