{"cameraMode":{"drawMode":0,"name":"Shaded","section":"Shading Mode"},"sceneLighting":false,"audioPlay":false,"sceneViewState":{"showFog":true,"showMaterialUpdate":false,"showSkybox":true,"showFlares":true,"showImageEffects":true,"showParticleSystems":true},"in2DMode":false,"pivot":{"x":0.7371737360954285,"y":1.056732416152954,"z":-4.414813041687012},"rotation":{"x":-0.09761173278093338,"y":0.7903568744659424,"z":-0.13063853979110719,"w":-0.5905449986457825},"size":10.0,"orthographic":false}